<?xml version="1.0" encoding="UTF-8" standalone="yes"?>
<addon id="plugin.video.barrandov.tv"
       name="barrandov.tv"
       version="1.0.1"
       provider-name="Maros Ondrasek">
  <requires>
    <import addon="xbmc.python" version="2.0" />
    <import addon="script.module.stream.resolver" version="1.6.6" />
  </requires>
  <extension point="xbmc.python.pluginsource"
             provides="video"
             library="default.py">
    <provides>video</provides>
  </extension>
  <extension point="xbmc.addon.metadata">
    <summary lang="en">barrandov.tv</summary>
    <summary lang="cs">barrandov.tv</summary>
    <summary lang="sk">barrandov.tv</summary>
    <description lang="en">Watch online TV archive from barrandov.tv</description>
    <description lang="cs">Sledujte TV archiv zo serveru barrandov.tv</description>
    <description lang="sk">Sledujte TV archív zo serveru barrandov.tv</description>
    <platform>all</platform>
  </extension>
</addon>
