<?xml version='1.0' encoding='utf-8'?>
<addon id="plugin.video.online-files" name="Soubory Online" provider-name="Libor Zoubek" version="1.2.8">
  <requires>
    <import addon="xbmc.python" version="2.1.0" />
    <import addon="script.module.stream.resolver" version="1.6.16" />
  </requires>
  <extension library="default.py" point="xbmc.python.pluginsource" provides="video">
    <provides>video</provides>
  </extension>
  <extension point="xbmc.addon.metadata">
    <summary lang="en">Files Online</summary>
    <summary lang="cs">Soubory Online</summary>
    <description lang="en">Get access to various czech filesharing services</description>
    <description lang="cs">Získejte přístup k různým file-sharingovým službám</description>
    <platform>all</platform>
  </extension>
</addon>