<?xml version="1.0" encoding="UTF-8" standalone="yes"?>
<addon id="plugin.video.markiza"
       name="Markiza.sk"
       version="1.3.14"
       provider-name="M. Ondrasek, M. Novotny, P. Zaoral">
  <requires>
    <import addon="xbmc.python" version="2.1.0"/>
    <import addon="script.module.dmd-czech.common" version="1.5.0"/>
  </requires>
  <extension point="xbmc.python.pluginsource" library="default.py">
    <provides>video</provides>
  </extension>
  <extension point="xbmc.addon.metadata">
    <platform>all</platform>
    <summary>Markiza.sk</summary>
    <description lang="en">Watch online TV archive from videoarchiv.markiza.sk</description>
    <description lang="cs">Sledujte online TV archiv ze serveru videoarchiv.markiza.sk</description>
    <description lang="sk">Sledujte online TV archív zo serveru videoarchiv.markiza.sk</description>
  </extension>
</addon>
