<?xml version="1.0" encoding="UTF-8" standalone="yes"?>
<addon id="plugin.video.gordon.ura.cz"
       name="Gordon Ramsay CZ"
       version="1.0.0"
       provider-name="Maros Ondrasek">
  <requires>
    <import addon="xbmc.python" version="2.0" />
    <import addon="script.module.stream.resolver" version="1.6.6" />
  </requires>
  <extension point="xbmc.python.pluginsource"
             provides="video"
             library="default.py">
    <provides>video</provides>
  </extension>
  <extension point="xbmc.addon.metadata">
    <summary lang="en">Gordon Ramsay CZ</summary>
    <summary lang="cs">Gordon Ramsay CZ</summary>
    <summary lang="sk">Gordon Ramsay CZ</summary>
    <description lang="en">Watch online archive from http://gordon.ura.cz</description>
    <description lang="cs">Gordon Ramsay a jeho hustokrutý pořady ze serveru http://gordon.ura.cz</description>
    <description lang="sk">Gordon Ramsay a jeho hustokrutý pořady ze serveru http://gordon.ura.cz</description>
    <platform>all</platform>
  </extension>
</addon>
