<?xml version="1.0" encoding="UTF-8" standalone="yes"?>
<addon id="plugin.video.rtvs.sk"
       name="rtvs.sk"
       version="1.0.5"
       provider-name="Maros Ondrasek">
  <requires>
    <import addon="xbmc.python" version="2.0" />
    <import addon="script.module.stream.resolver" version="1.6.6" />
  </requires>
  <extension point="xbmc.python.pluginsource"
             provides="video"
             library="default.py">
    <provides>video</provides>
  </extension>
  <extension point="xbmc.addon.metadata">
    <summary lang="en">rtvs.sk</summary>
    <summary lang="cs">rtvs.sk</summary>
    <summary lang="sk">rtvs.sk</summary>
    <description lang="en">Watch online TV archive from rtvs.sk</description>
    <description lang="cs">Sledujte TV archiv zo serveru rtvs.sk</description>
    <description lang="sk">Sledujte TV archív zo serveru rtvs.sk</description>
    <platform>all</platform>
  </extension>
</addon>
