<?xml version='1.0' encoding='utf-8'?>
<addon id="plugin.video.stream-cinema" name="Stream Cinema" provider-name="chaoss (origin bbaron)" version="1.1.7">
  <requires>
        <import addon="xbmc.python" version="2.1.0" />
        <import addon="script.module.stream.resolver" version="1.6.25" />
    </requires>
    <extension library="default.py" point="xbmc.python.pluginsource" provides="video">
        <provides>video</provides>
    </extension>
    <extension point="xbmc.addon.metadata">
        <summary lang="en">stream-cinema.online</summary>
        <summary lang="cs">stream-cinema.online</summary>
        <summary lang="sk">stream-cinema.online</summary>
        <disclaimer lang="en">Watch online movies from stream-cinema.online</disclaimer>
        <disclaimer lang="sk">Watch online movies from stream-cinema.online</disclaimer>
        <disclaimer lang="cz">Watch online movies from stream-cinema.online</disclaimer>
        <platform>all</platform>
        <license>GNU GENERAL PUBLIC LICENSE. Version 3, 29 June 2007</license>
        <source>https://github.com/mx3L/archivczsk-doplnky</source>
        <assets>
            <icon>icon.png</icon>
            <fanart></fanart>
            <screenshot></screenshot>
        </assets>
    </extension>
</addon>
