<?xml version="1.0" encoding="UTF-8" standalone="yes"?>
<addon id="plugin.video.sc2"
       name="Stream Cinema Community"
       version="2.1.8"
       provider-name="hotshot.sk">
  <requires>
    <import addon="xbmc.python" version="2.1.0"/>
    <import addon="script.module.stream.resolver" version="1.6.25" />
  </requires>
  <extension point="xbmc.python.pluginsource" library="default.py">
    <provides>video</provides>
  </extension>
  <extension point="xbmc.addon.metadata">
    <platform>all</platform>
    <summary>Stream Cinema 2.0 CZ/SK</summary>
    <description>Plugin to play video archive.</description>
    <description lang="cs">Plugin pro přehrávání videí.</description>
    <description lang="sk">Plugin pre prehravanie videí.</description>
  </extension>
</addon>
