<?xml version='1.0' encoding='utf-8'?>
<addon id="plugin.video.joj.sk" name="joj.sk" provider-name="Maros Ondrasek" version="1.3.12">
  <requires>
    <import addon="xbmc.python" version="2.1.0" />
    <import addon="script.module.stream.resolver" version="1.6.24" />
  </requires>
  <extension library="default.py" point="xbmc.python.pluginsource" provides="video">
    <provides>video</provides>
  </extension>
  <extension point="xbmc.addon.metadata">
    <summary lang="en">joj.sk</summary>
    <summary lang="cs">joj.sk</summary>
    <summary lang="sk">joj.sk</summary>
    <description lang="en">Watch online TV archive from joj.sk</description>
    <description lang="cs">Sledujte online TV archiv zo serveru joj.sk</description>
    <description lang="sk">Sledujte online TV archív zo serveru joj.sk</description>
    <platform>all</platform>
  </extension>
</addon>
