<?xml version="1.0" encoding="UTF-8" standalone="yes"?>
<addon id="plugin.video.dmd-czech.ivysilani"
       name="iVysílání TV Archiv"
       version="1.5.5"
       provider-name="Jiri Vyhnalek">
  <requires>
    <import addon="xbmc.python" version="2.1.0"/>
    <import addon="script.module.dmd-czech.common" version="1.5.0"/>
  </requires>
  <extension point="xbmc.python.pluginsource" library="default.py">
    <provides>video</provides>
  </extension>
  <extension point="xbmc.addon.metadata">
    <platform>all</platform>
    <summary>CT iVysilani video-archive plugin</summary>
    <summary lang="cs">ČT iVysílání - archiv</summary>
    <description>
        Plugin to play TV video archive from CT iVysilani
    </description>
    <description lang="cs">
        Plugin pro přehrávání videí z archivu ČT iVysílání
    </description>
  </extension>
</addon>