<?xml version="1.0" encoding="UTF-8"?>
<addon id="plugin.video.iprima" version="1.4" name="iPrima.cz" provider-name="Michal Novotný, Roman Smolka">
<requires>
	<import addon="xbmc.python" version="2.25.0"/>
</requires>
<extension point="xbmc.python.pluginsource" library="default.py">
	<provides>video</provides>
</extension>
<extension point="xbmc.addon.metadata">
	<summary>iPrima.cz</summary>
	<description>Doplněk pro zobrazování obsahu z archivu iPrima. Registrace nutná na webu iprima.cz.</description>
	<platform>all</platform>
</extension>
</addon>
