<?xml version="1.0" encoding="UTF-8" standalone="yes"?>
<addon id="plugin.video.joj.sk"
       name="joj.sk"
       version="1.1.0"
       provider-name="Maros Ondrasek">
  <requires>
    <import addon="xbmc.python" version="2.0" />
    <import addon="script.module.stream.resolver" version="1.6.6" />
  </requires>
  <extension point="xbmc.python.pluginsource"
             provides="video"
             library="default.py">
    <provides>video</provides>
  </extension>
  <extension point="xbmc.addon.metadata">
    <summary lang="en">joj.sk</summary>
    <summary lang="cs">joj.sk</summary>
    <summary lang="sk">joj.sk</summary>
    <description lang="en">Watch online TV archive from joj.sk</description>
    <description lang="cs">Sledujte online TV archiv zo serveru joj.sk</description>
    <description lang="sk">Sledujte online TV archív zo serveru joj.sk</description>
    <platform>all</platform>
  </extension>
</addon>
