<?xml version="1.0" encoding="UTF-8" standalone="yes"?>
<addon id="plugin.video.tvseznam"
       name="Televize Seznam"
       version="1.3"
       provider-name="Michal Novotný">
  <requires>
    <import addon="xbmc.python" version="2.1.0"/>
    <import addon="script.module.dmd-czech.common" version="1.5.0"/>
  </requires>
  <extension point="xbmc.python.pluginsource" library="default.py">
    <provides>video</provides>
  </extension>
  <extension point="xbmc.addon.metadata">
    <platform>all</platform>
    <summary>Televizeseznam.cz video plugin</summary>
    <description>Plugin to play videos from televizeseznam.cz</description>
    <description lang="cs">Plugin pro přehrávání videí z televizeseznam.cz</description>
  </extension>
</addon>
